{"cameraMode":{"drawMode":0,"name":"Shaded","section":"Shading Mode"},"sceneLighting":false,"audioPlay":false,"sceneViewState":{"showFog":true,"showMaterialUpdate":false,"showSkybox":false,"showFlares":true,"showImageEffects":true,"showParticleSystems":true},"in2DMode":false,"pivot":{"x":-8.940696716308594e-7,"y":0.3320067822933197,"z":-0.0997641384601593},"rotation":{"x":0.050365906208753589,"y":0.5347694158554077,"z":-0.033142417669296268,"w":0.8430972695350647},"size":1.9158185720443726,"orthographic":false}