{"cameraMode":{"drawMode":0,"name":"Shaded","section":"Shading Mode"},"sceneLighting":false,"audioPlay":false,"sceneViewState":{"showFog":true,"showMaterialUpdate":false,"showSkybox":false,"showFlares":true,"showImageEffects":true,"showParticleSystems":true},"in2DMode":false,"pivot":{"x":-5.960464477539063e-8,"y":0.2623891830444336,"z":-0.01851293444633484},"rotation":{"x":0.2753358781337738,"y":0.048524875193834308,"z":-0.015101335011422634,"w":0.9602212309837341},"size":1.777616024017334,"orthographic":false}