{"cameraMode":{"drawMode":0,"name":"Shaded","section":"Shading Mode"},"sceneLighting":false,"audioPlay":false,"sceneViewState":{"showFog":true,"showMaterialUpdate":false,"showSkybox":false,"showFlares":true,"showImageEffects":true,"showParticleSystems":true},"in2DMode":false,"pivot":{"x":0.003401458263397217,"y":0.3657381534576416,"z":0.025620967149734498},"rotation":{"x":-0.07324739545583725,"y":0.8854585289955139,"z":-0.14410415291786195,"w":-0.43633392453193667},"size":2.3393285274505617,"orthographic":false}