{"cameraMode":{"drawMode":0,"name":"Shaded","section":"Shading Mode"},"sceneLighting":false,"audioPlay":false,"sceneViewState":{"showFog":true,"showMaterialUpdate":false,"showSkybox":false,"showFlares":true,"showImageEffects":true,"showParticleSystems":true},"in2DMode":false,"pivot":{"x":0.06992718577384949,"y":0.2779751420021057,"z":0.06695932894945145},"rotation":{"x":-0.005766335409134626,"y":0.9877064824104309,"z":-0.15956099331378938,"w":0.012028851546347142},"size":1.58890962600708,"orthographic":false}