{"cameraMode":{"drawMode":0,"name":"Shaded","section":"Shading Mode"},"sceneLighting":false,"audioPlay":false,"sceneViewState":{"showFog":true,"showMaterialUpdate":false,"showSkybox":false,"showFlares":true,"showImageEffects":true,"showParticleSystems":true},"in2DMode":false,"pivot":{"x":-0.0000010132789611816407,"y":1.0120995044708253,"z":-2.2498130798339845},"rotation":{"x":0.2226080596446991,"y":-0.6462277770042419,"z":0.2034972757101059,"w":0.7013145089149475},"size":10.773098945617676,"orthographic":false}