{"cameraMode":{"drawMode":0,"name":"Shaded","section":"Shading Mode"},"sceneLighting":false,"audioPlay":false,"sceneViewState":{"showFog":true,"showMaterialUpdate":false,"showSkybox":false,"showFlares":true,"showImageEffects":true,"showParticleSystems":true},"in2DMode":false,"pivot":{"x":0.003401428461074829,"y":0.3657382130622864,"z":0.025620967149734498},"rotation":{"x":0.03677477687597275,"y":0.9438962936401367,"z":-0.12210840731859207,"w":0.30570170283317568},"size":3.5393283367156984,"orthographic":false}