{"cameraMode":{"drawMode":0,"name":"Shaded","section":"Shading Mode"},"sceneLighting":false,"audioPlay":false,"sceneViewState":{"showFog":true,"showMaterialUpdate":false,"showSkybox":false,"showFlares":true,"showImageEffects":true,"showParticleSystems":true},"in2DMode":false,"pivot":{"x":4.5997514724731449,"y":0.32192128896713259,"z":4.9052300453186039},"rotation":{"x":0.042629435658454898,"y":-0.7973304390907288,"z":0.054608363658189777,"w":0.5999024510383606},"size":1.9110021591186524,"orthographic":false}