{"cameraMode":{"drawMode":0,"name":"Shaded","section":"Shading Mode"},"sceneLighting":false,"audioPlay":false,"sceneViewState":{"showFog":true,"showMaterialUpdate":false,"showSkybox":false,"showFlares":true,"showImageEffects":true,"showParticleSystems":true},"in2DMode":false,"pivot":{"x":-0.042455196380615237,"y":0.5364087820053101,"z":-0.2743523120880127},"rotation":{"x":0.11329135298728943,"y":0.10829136520624161,"z":-0.013454798609018326,"w":0.9877669215202332},"size":5.151283264160156,"orthographic":false}